id;job_name;job_status_flag;create_time_stamp
1;Armenia compelling;49592;2020-10-25T19:57:27
2;Codes specifically reserved for testing purposes Auto Loan Account Plastic;38525;2020-10-25T08:14:53
3;Metal Health Garden;91153;2020-10-25T07:30:03
4;Drive Ball back up;79478;2020-10-25T20:27:04
5;Stravenue dynamic Beauty;50561;2020-10-25T12:10:22
6;mission-critical;43568;2020-10-25T02:30:18
7;auxiliary action-items sensor;22647;2020-10-25T17:30:16
8;ADP Ecuador;9938;2020-10-25T20:36:28
9;Sleek Somoni;46196;2020-10-25T05:39:14
10;Multi-channelled;50469;2020-10-25T08:30:42
