id;config_key;config_value;config_type;config_version
1;Ridges Licensed Metal Table bypass;Alaska Cambridgeshire;Synchronised payment Danish Krone;18221
2;HDD;Rand Namibia Dollar;generate bypass Colorado;69544
3;Intelligent Small monitoring;Sharable;overriding;99203
4;Auto Loan Account Louisiana;matrix;5th generation user-facing;12454
5;firewall Hat Ohio;Rubber Pennsylvania;International;46219
6;Wooden collaboration;invoice;grey;93979
7;parsing;green;Seychelles Rupee;63946
8;Handmade Spurs Kentucky;EXE Baby SSL;next-generation Cambridgeshire;81176
9;Universal Lane deposit;Avon Crest Handmade;cross-media Falkland Islands Pound 1080p;26089
10;engineer Keyboard;payment SSL;Executive Division;95232
