id;task_execution_timestamp;job_order_timestamp;task_execution_status
1;2020-10-25T00:39:22;2020-10-25T14:42:21;SCSI
2;2020-10-25T11:11:16;2020-10-25T03:57:07;Vision-oriented plum payment
3;2020-10-25T00:57:07;2020-10-25T03:36:58;orchestrate
4;2020-10-25T12:31:07;2020-10-25T13:37:49;Pennsylvania Berkshire
5;2020-10-25T09:38:49;2020-10-25T15:15:58;Multi-tiered Borders withdrawal
6;2020-10-25T10:47:38;2020-10-25T17:59:53;brand panel
7;2020-10-25T15:41:29;2020-10-25T09:42:39;Delaware Mill encompassing
8;2020-10-25T02:32:51;2020-10-25T02:52:36;port
9;2020-10-25T17:06:50;2020-10-25T05:45:24;United States of America Saint Lucia
10;2020-10-25T00:21:00;2020-10-25T19:06:42;West Virginia Wall
