id;config_key;config_value;config_version
1;Cheese;back-end;paradigms Web invoice
2;multi-byte Roads Officer;generating embrace Granite;haptic Ameliorated Open-architected
3;enterprise Shirt;index;Chips generate 1080p
4;executive Future Health;visualize Horizontal;bus user-facing solid state
5;withdrawal Keys;Computers;Wooden benchmark Handcrafted
6;Saint Barthelemy Bike;solid state Pakistan Rupee International;Metal Configuration
7;connecting;navigating;Vermont Outdoors
8;alarm;purple Rhode Island;Buckinghamshire
9;Pataca;Accounts Cotton infrastructure;parsing Bedfordshire invoice
10;Intelligent;implementation;extensible Tanzanian Shilling
